real_recording,
rec_id,Name
PASOTPBNLM,Amina Kouri
H01FH3KEY8,Santiago Rivera
BJ53WB0WQB,Chen Wei
VWEQSW9GQY,Elena Popova
R18W797V9Q,Liam O'Brien
6W361V5VV9,Anika Patial
ZBKI0P43EK,Hiroshi Nakamura
ROHDD0Z6CG,Noah Zimmerman
2IM42LTT5R,Isabella Rossi
Y6K2JU2H4B,Mia Anderson
CBDX295MEZ,Olivia Tremblay
ZCB53KC2PC,Sofia Almeida
3162VQ31V7,Elias Svensson
YDDKTODLGX,Fatima Zahra Mansouri
XKG8C7QFXT,Seo-yun Kim
1Z2W0U9OU8,Lara van den Berg
ZGZHPG1TS8,Finn Murphy
244F8XZK0E,Kai Løkke
7FPDGERPRV,Jorge Castillo
IIBWPCAJFZ,Charlotte Leclerc