rec_id,real_user_id
MMPJO0MZ0N,7FPDGERPRV
6A0ZBCDFGV,7FPDGERPRV
12MINIG2V7,IIBWPCAJFZ
M97BEZCB1V,H01FH3KEY8
ZZNLOGOUC9,VWEQSW9GQY
OWH38MT8MT,2IM42LTT5R
OW6VLRXPJT,VWEQSW9GQY
IF73FAK84R,YDDKTODLGX
23TVDEG2YC,H01FH3KEY8
R3SUR0CZW3,ZBKI0P43EK
UR36VE8KU4,ZCB53KC2PC
VXC2DB72R7,2IM42LTT5R
ZRFQJ78VMK,ZBKI0P43EK
P4TDYTUQNV,VWEQSW9GQY
77C2EX0563,244F8XZK0E
0RASQ7TQKJ,7FPDGERPRV
E1I3Y679E0,3162VQ31V7
FJYXJHG2KM,CBDX295MEZ
FGQ1PL8LA6,244F8XZK0E
XKG8C7QFXT,ZCB53KC2PC
ROHDD0Z6CG,ZBKI0P43EK
ZVS4M3Y201,Y6K2JU2H4B
CBDX295MEZ,CBDX295MEZ
MIRV2AHSDH,H01FH3KEY8
GINYUH6NU7,VWEQSW9GQY
27FYVYRXHC,Y6K2JU2H4B
9QO189PLWT,XKG8C7QFXT
JRDBXRBEZ5,CBDX295MEZ
CVQ1Z7EQVZ,VWEQSW9GQY
LLG5ML8RHL,ZCB53KC2PC
0D8CAOL7XN,CBDX295MEZ
Y0SQ3LTXI3,IIBWPCAJFZ
LWEWBT96XT,7FPDGERPRV
0ZKZ7CTPCO,2IM42LTT5R
LO0F70NRDD,BJ53WB0WQB
6QOZ04UI5X,ZBKI0P43EK
GHSWJ7IZ96,PASOTPBNLM
RSQQ5YEC8W,IIBWPCAJFZ
7TW6HKDNII,ZBKI0P43EK
CAJAINRPE5,BJ53WB0WQB
RLL2WGXJRT,2IM42LTT5R
4REKDG0V64,H01FH3KEY8
QB8U1CAEOV,244F8XZK0E
F68PGID9TU,YDDKTODLGX
V1Q3EL4Z4X,VWEQSW9GQY
FPLK2Z9M1O,244F8XZK0E
Y5K92G0CA2,ZBKI0P43EK
FJDGLG7POQ,ZBKI0P43EK
9SKVMHKUAV,ZCB53KC2PC
3TUKKW5GXO,6W361V5VV9
H1SQXI3VG1,ZBKI0P43EK
JYA410BBKR,IIBWPCAJFZ
TDH5H2CF40,7FPDGERPRV
FA79Q4F0H0,R18W797V9Q
MG1JCLM1X9,7FPDGERPRV
9EY8WR8CDU,PASOTPBNLM
XV45S85AXQ,ZBKI0P43EK
421BPRLP1H,IIBWPCAJFZ
3GHXFOJQ2L,R18W797V9Q
1H1SA1OIYA,YDDKTODLGX
LMFZ8A6OUU,2IM42LTT5R
L7C6MV0Z84,YDDKTODLGX
DDDN8ANJT0,PASOTPBNLM
I1TDO1US28,YDDKTODLGX
EFBZ19FLZB,ZBKI0P43EK
MPPY809BIA,ZBKI0P43EK
QI3IGYH5L4,R18W797V9Q
OA8CVUPFQ2,6W361V5VV9
N1WUHGN5J1,ZBKI0P43EK
G2LC5CGD8K,YDDKTODLGX
ZPBG7LTFP7,3162VQ31V7
TEKJPG39QQ,PASOTPBNLM
ARMR64W5O0,VWEQSW9GQY
VLGVUDJ90Q,PASOTPBNLM
HBY762ULBC,7FPDGERPRV
L4I0OY5T07,H01FH3KEY8
42784TS74Q,ZGZHPG1TS8
NYCGDNV50A,1Z2W0U9OU8
Z1BCC9U0E5,ZCB53KC2PC
YEZKNC4RNY,2IM42LTT5R
XATHQAOSPE,YDDKTODLGX
541T0I3AUW,ZCB53KC2PC
ZYD38PBMCH,IIBWPCAJFZ
C5YK4RN57W,3162VQ31V7
EGTMM9VP8Z,ZBKI0P43EK
4OZB2350T9,ZGZHPG1TS8
U91VS1DG4X,244F8XZK0E
97NV00K4YA,PASOTPBNLM
H2HPWO8E99,1Z2W0U9OU8
JBX7H4T33L,ZBKI0P43EK
AM3UVRYGAU,7FPDGERPRV
XUOU6FH2DR,H01FH3KEY8
EMW8PK5F2G,H01FH3KEY8
4LOY1URGVH,H01FH3KEY8
6NPGSW6R8P,ZCB53KC2PC
GZZWB0E3AX,IIBWPCAJFZ
NZBALVR6CF,Y6K2JU2H4B
7OYEBPQERQ,YDDKTODLGX
4M2D4IB9S6,R18W797V9Q
6WFZ2WDJ24,XKG8C7QFXT
HB5IYNTKK9,H01FH3KEY8
EK53ZI08W8,ZGZHPG1TS8
ZKY5P7R745,VWEQSW9GQY
QJ2T20DZCY,CBDX295MEZ
SUGHP6NLPK,Y6K2JU2H4B
6W52WZKXOC,PASOTPBNLM
YLGDVW6WCT,ZBKI0P43EK
1JGXELMHOF,CBDX295MEZ
O7O51MZU4N,YDDKTODLGX
XUO9R4GLWS,BJ53WB0WQB
Q7WD8INZQ5,ZBKI0P43EK
AIQPXRJKF7,BJ53WB0WQB
1O4FGEX31T,3162VQ31V7
8R488ER0ZH,7FPDGERPRV
JQ7FW67TJ8,R18W797V9Q
75UEPXC0IW,ZBKI0P43EK
KF2U0T542I,BJ53WB0WQB
4KEPG8K8NX,PASOTPBNLM
BK38HX9NS4,1Z2W0U9OU8
FSO4MWKKAR,3162VQ31V7
25LY8GI6DE,ZCB53KC2PC
U31ZKRHJ9K,Y6K2JU2H4B
ZVM6ABNSS1,PASOTPBNLM
C14AN35RKC,ZCB53KC2PC
9OPVZ6VP7K,3162VQ31V7
YQEUHTOP2I,ZCB53KC2PC
O0DETC0XV6,H01FH3KEY8
UTFYOXUEPH,YDDKTODLGX
BN764APWDT,PASOTPBNLM
XIB265Q1SJ,1Z2W0U9OU8
T3NR1G1FFR,ZCB53KC2PC
WDZIHM70NH,IIBWPCAJFZ
SJ75YFI4ET,ZGZHPG1TS8
R8ARFXA62G,6W361V5VV9
ECGD9KF3VX,VWEQSW9GQY
FNHZ7WDW7Y,XKG8C7QFXT
XW6NK8Y9MH,6W361V5VV9
ISDFCVKRVC,2IM42LTT5R
TFREKW8N0X,244F8XZK0E
N2VPD13IWV,CBDX295MEZ
3162VQ31V7,3162VQ31V7
KZ3VCLL0J6,H01FH3KEY8
KD73PJ3EP5,H01FH3KEY8
FVILFM7OSU,XKG8C7QFXT
IU50O8RY55,Y6K2JU2H4B
JWSBZ4LZRX,YDDKTODLGX
4LVFXVFAI5,1Z2W0U9OU8
3GUM6SI9RE,R18W797V9Q
FG1GU97VU5,ZBKI0P43EK
8WTA54PGBC,Y6K2JU2H4B
AXZKAINTK1,244F8XZK0E
1PSFC9GSK4,H01FH3KEY8
10M5MCMSO3,6W361V5VV9
VAUS6D0S3K,7FPDGERPRV
IIBWPCAJFZ,IIBWPCAJFZ
ITIM1J0WSF,6W361V5VV9
K681L5OQ3R,3162VQ31V7
45XXUUVBQU,BJ53WB0WQB
221Y2P3R9J,Y6K2JU2H4B
XI3FSQ31EF,BJ53WB0WQB
J0OF821KRS,BJ53WB0WQB
BZMVM7UDDC,6W361V5VV9
HCCDN2TD0R,1Z2W0U9OU8
GP7GTLRONW,XKG8C7QFXT
Y00KJWDL6W,7FPDGERPRV
4USM1D1I1Q,PASOTPBNLM
YPME5D9Q5F,R18W797V9Q
AOPBZ7X6AE,6W361V5VV9
9YJUUID3DV,PASOTPBNLM
MA1CKK4XZH,7FPDGERPRV
X4ASJ6RLN6,VWEQSW9GQY
X8L6WJ0NDN,244F8XZK0E
YEQHIRWT8P,244F8XZK0E
J2KO453ZT9,7FPDGERPRV
072VW2DTHZ,XKG8C7QFXT
ZX4733CP7F,ZBKI0P43EK
LIZ88MPJYN,ZGZHPG1TS8
YDDKTODLGX,YDDKTODLGX
6L88Z54PYV,3162VQ31V7
BDMI3ZXH0S,IIBWPCAJFZ
W8ENISIETU,Y6K2JU2H4B
KO0PCC5TE8,ZBKI0P43EK
TC1N3OMAN3,XKG8C7QFXT
T83G4QLO49,6W361V5VV9
VKDMNUUZX2,2IM42LTT5R
F3AJRF7TJG,1Z2W0U9OU8
UMM0YIUKNH,ZBKI0P43EK
572K7GROWM,ZBKI0P43EK
2B68X3TLPO,ZCB53KC2PC
PYVE80HN4Y,6W361V5VV9
H01FH3KEY8,H01FH3KEY8
1VVQNIU4I4,VWEQSW9GQY
Y6K2JU2H4B,Y6K2JU2H4B
EF57WPNJAM,3162VQ31V7
GMEGHRIW0J,R18W797V9Q
GWE85UXMG3,PASOTPBNLM
56K4DSES6F,244F8XZK0E
6MKIUXJ6CQ,7FPDGERPRV
R3TKLL4WU1,Y6K2JU2H4B
P1BEOYNKDF,ZGZHPG1TS8
WML4D26C67,1Z2W0U9OU8
1QJIZTDX38,CBDX295MEZ
W9Z4GUIV4K,ZBKI0P43EK
OG64GZNSWE,XKG8C7QFXT
DKTQZASTB9,VWEQSW9GQY
WRGLR1OM65,ZCB53KC2PC
244F8XZK0E,244F8XZK0E
Y285MKKJ4J,3162VQ31V7
U73VXHISZY,ZGZHPG1TS8
88LIKKIYG5,PASOTPBNLM
27L7Y08ROR,H01FH3KEY8
IH6195R5YX,IIBWPCAJFZ
6W361V5VV9,6W361V5VV9
66420YSP5M,XKG8C7QFXT
ZCB53KC2PC,ZCB53KC2PC
WOY6M7Y3D8,H01FH3KEY8
GDLKIPE3CH,2IM42LTT5R
GQDKZ8GJ7O,1Z2W0U9OU8
HAN10YME1F,ZBKI0P43EK
CZ35XEIQQL,XKG8C7QFXT
HEHXM9668B,ZBKI0P43EK
2IM42LTT5R,2IM42LTT5R
22LW1V963Y,244F8XZK0E
Q7QQE54CKS,CBDX295MEZ
0GO9BNG5JC,1Z2W0U9OU8
I1II0JEBC3,ZGZHPG1TS8
QR1QDMLAXQ,ZBKI0P43EK
N09DENCIJ3,2IM42LTT5R
B5PN7WKKMI,3162VQ31V7
30AERYBO11,2IM42LTT5R
GE90UVYAIC,PASOTPBNLM
A3B4QBVRXQ,2IM42LTT5R
UDTA6SHXDI,PASOTPBNLM
JXZMWLFM1N,PASOTPBNLM
7FPDGERPRV,7FPDGERPRV
FSPNRHDS44,1Z2W0U9OU8
YZDT3ZMHJF,H01FH3KEY8
E8W0PTQ9KC,1Z2W0U9OU8
5U8NHGADRR,YDDKTODLGX
R68CAKRCZI,XKG8C7QFXT
LTCZ1EWM5K,PASOTPBNLM
TQT94705R0,ZCB53KC2PC
UX27Y1YUX4,PASOTPBNLM
DXUFMO00FS,VWEQSW9GQY
BW1I95V68P,3162VQ31V7
XDAOHC9OY5,Y6K2JU2H4B
6RMUDHJM4W,ZBKI0P43EK
JQCJPH64SW,PASOTPBNLM
5PK8DKP0ZZ,PASOTPBNLM
DO2T6GX0CO,PASOTPBNLM
YE18FH0BFU,IIBWPCAJFZ
3OS373FIQC,IIBWPCAJFZ
RF3R75NCG7,CBDX295MEZ
Z3FNA3LKXY,H01FH3KEY8
RJ0VF3WCOB,Y6K2JU2H4B
HXK7RUM68N,IIBWPCAJFZ
XPU9214EU6,6W361V5VV9
WGXR3ONJFH,ZGZHPG1TS8
S35MFASKLA,PASOTPBNLM
U2OWHF9C2M,244F8XZK0E
8HSVAQ716J,BJ53WB0WQB
R18W797V9Q,R18W797V9Q
1BNKNECJRU,2IM42LTT5R
A1LPGU21B5,CBDX295MEZ
2TT75RT0RO,6W361V5VV9
656QZ2VWR4,7FPDGERPRV
2YD7E0JZWB,VWEQSW9GQY
L4214B2QPO,1Z2W0U9OU8
OVOM1QSTK5,3162VQ31V7
WSYP46INU1,2IM42LTT5R
1I8PRKICC1,244F8XZK0E
65YME8J8IE,PASOTPBNLM
CG19UEJT4H,CBDX295MEZ
1Z2W0U9OU8,1Z2W0U9OU8
UGZ010DWVA,ZGZHPG1TS8
8ZP0P6EA2V,H01FH3KEY8
21BT3ARI08,2IM42LTT5R
4ZA11BXYQU,244F8XZK0E
NLOAVVNSZ2,PASOTPBNLM
L7EFGCOAD0,YDDKTODLGX
FW71CH9KIC,ZBKI0P43EK
77DYFCICAX,XKG8C7QFXT
GMGML0EULU,CBDX295MEZ
PASOTPBNLM,PASOTPBNLM
MWT70NTC17,H01FH3KEY8
ASLJ66JRJL,R18W797V9Q
LDWU4KBNIS,ZGZHPG1TS8
QX9N1VDFJJ,PASOTPBNLM
P2YCAPIMT8,VWEQSW9GQY
J3D6Q83SUO,YDDKTODLGX
51RBYSZVEY,244F8XZK0E
27098TXSI3,ZGZHPG1TS8
3866QSTGPQ,PASOTPBNLM
D7ATV3H1YD,CBDX295MEZ
K48DV4C50M,2IM42LTT5R
O56IYAJKOQ,ZGZHPG1TS8
5CJ88FMSBA,YDDKTODLGX
FVRJD27CDC,CBDX295MEZ
GW74P8SAKY,ZCB53KC2PC
JJT0E5G3ZB,Y6K2JU2H4B
ZBKI0P43EK,ZBKI0P43EK
O8W3DPZC0U,R18W797V9Q
0D2XANLNWB,244F8XZK0E
915QHB8GME,CBDX295MEZ
F0X097QL8I,3162VQ31V7
7A8PVRXFLV,7FPDGERPRV
3CLTHAJWT5,244F8XZK0E
6TQ8WY1A1T,XKG8C7QFXT
JXJS69ZN5Z,6W361V5VV9
RZ4FLK02QV,2IM42LTT5R
AQ7QG00T1E,R18W797V9Q
KXGWXZQU8N,IIBWPCAJFZ
DWQX31MS3S,ZGZHPG1TS8
S71BHUO2FN,2IM42LTT5R
IB795LJI77,ZBKI0P43EK
BROW8BT8Y8,R18W797V9Q
XXGLDEB0PE,ZBKI0P43EK
0D9KDY33VL,IIBWPCAJFZ
QPHXKP30BG,YDDKTODLGX
8EDWFJG35I,3162VQ31V7
06B9H4N6NV,H01FH3KEY8
YAAYBNPNBF,CBDX295MEZ
RDSE19HMCJ,3162VQ31V7
ZM64YPV8OX,H01FH3KEY8
TKWJHEYRLP,1Z2W0U9OU8
GT37129NRX,IIBWPCAJFZ
X09OXQUHX6,Y6K2JU2H4B
514WEKM9US,PASOTPBNLM
KTG9DOE0M2,VWEQSW9GQY
1M8238T2AW,7FPDGERPRV
GEDG42ENGM,6W361V5VV9
UECHV0PJQU,7FPDGERPRV
NSIOUFFN5C,PASOTPBNLM
9PS130EZ8T,ZGZHPG1TS8
FI3U0S0S6X,ZBKI0P43EK
9HFS33L9CI,ZCB53KC2PC
5KLHR74OI0,IIBWPCAJFZ
RL9JXFY2JE,PASOTPBNLM
10MOX4IMD7,CBDX295MEZ
MQX8OX8FIO,YDDKTODLGX
A2X1RKUMID,CBDX295MEZ
7JPUCM4BHS,XKG8C7QFXT
KMBK3UC6PC,3162VQ31V7
N1X635B5Z9,6W361V5VV9
PR9SD61V3D,ZBKI0P43EK
7I09698RMP,R18W797V9Q
W102PRJ7LH,ZBKI0P43EK
H89EKSBTZX,6W361V5VV9
YXAXYF3SXW,ZGZHPG1TS8
S8XIWIEA2H,R18W797V9Q
L7GJ5TTDYK,VWEQSW9GQY
LXTGJ91STF,XKG8C7QFXT
N44HQ30PQE,Y6K2JU2H4B
DTU78DE6VZ,1Z2W0U9OU8
TQEMWEEP28,YDDKTODLGX
EL568TREPD,IIBWPCAJFZ
HCRK8WNTRJ,6W361V5VV9
72K6TSQ829,ZGZHPG1TS8
0P2ZQ4BASS,ZCB53KC2PC
H6XNGJ7SCM,PASOTPBNLM
FPMY3OD663,PASOTPBNLM
SYQYA98A3O,BJ53WB0WQB
DX7RS4N7IC,ZBKI0P43EK
5B0N0KF0OZ,XKG8C7QFXT
5TKRD0UET0,YDDKTODLGX
IEMF4VU2VH,IIBWPCAJFZ
XK7B8CDK0T,ZCB53KC2PC
KICNKIP98W,XKG8C7QFXT
AHQQ4HWF9Z,XKG8C7QFXT
GAJOY10X4A,3162VQ31V7
L54SD4SCXE,R18W797V9Q
DK89JDSW3X,VWEQSW9GQY
LL7V1S0QG3,PASOTPBNLM
NPVTQJD50W,244F8XZK0E
6G186D1H5K,2IM42LTT5R
DRAD23MMMA,BJ53WB0WQB
C4C384534S,ZGZHPG1TS8
HBDLHYEA1L,CBDX295MEZ
76X65A5PP1,Y6K2JU2H4B
S0G2JOY8VT,1Z2W0U9OU8
1KMDDIB0WA,PASOTPBNLM
TBUUEZXSLP,R18W797V9Q
43QRG7SY14,3162VQ31V7
IAGY5YUR9E,BJ53WB0WQB
G11VNYE1HH,6W361V5VV9
JBZJ2LV64J,PASOTPBNLM
XZUKKHWKB8,ZBKI0P43EK
LF0QTFG29B,244F8XZK0E
BO81DNUC98,R18W797V9Q
Z2UAISMWW6,ZBKI0P43EK
BWGSZNP0LF,1Z2W0U9OU8
ZGZHPG1TS8,ZGZHPG1TS8
32LZR8ZQYK,ZCB53KC2PC
OFML4KZCAE,7FPDGERPRV
VWEQSW9GQY,VWEQSW9GQY
4UYWOVMYD9,PASOTPBNLM
BJ53WB0WQB,BJ53WB0WQB
5L4PYZ36G0,XKG8C7QFXT
35UVJCB74Q,VWEQSW9GQY
XEA040Q8N9,ZBKI0P43EK
